"Project Number","Account","Project Name","Project Lead","Status","Phase","Project Team Tech Lead"
"P20260708.0001","InReach Community Dx","SharePoint Implementation(TBB-TM, SB)","Brown, Steven","I-Accepted","Beginning","Anthony Dickerson"
"P20260522.0003","FilmTech LLC","Replacement Cloud Key Controller(TBB-TM,SB)","Brown, Steven","II-Project Planning","Beginning","Frankie Hammonds"
"P20260223.0004","Thomas & Brown LLC (HQ)","Prject ""Proofpoint"" (MS-AIT,SB)","Brown, Steven","I-Accepted","Beginning","Anthony Dickerson"
"P20260806.0001","Geosurvey LTD","Synology NAS for Scan Data(TBB,TM-SB)","Brown, Steven","I-Call Scheduled","Beginning","Kamran Saeed"
"P20260424.0001","Castles Tech","Castle Tech AIT","Brown, Steven","V-Pending Complete","Closing","Jason Morhaus"
"P20260624.0001","SKL'D Staffing (Duluth, GA)","3CX Cancellation(MS-AIT, SB)","Brown, Steven","V-Pending Complete","Closing","Chad Berry"
"P20251210.0001","Soteria Flexibles (HQ)","Continental Products - Switches","Brown, Steven","V-Pending Complete","Closing","Frankie Hammonds"
"P20260519.0001","Quality Extrusion Inc","IT Equipment Cleanup (TBB-TM,SB)","Brown, Steven","V-Pending Complete","Closing","Greg Huelsmann"
"P20260217.0001","RTCO Packaging LLC","Networking Equipment for new warehouse","Brown, Steven","V-Pending Complete","Closing","Dexter Ashby"
"P20250806.0003","Soteria Flexibles (HQ)","AIT & SOC for 3 Locations","Brown, Steven","V-To Be Billed/Closed","Final Closure","Jason Morhaus"
"P20260504.0003","Beaumont Products, Inc. (Main)","Cyber Security enhancement","Brown, Steven","III-In Progress","In Process","Greg Huelsmann"
"P20260513.0001","Air Quality Systems","Low Voltage Cleanup Project(TBB-FR, SB)","Brown, Steven","III-In Progress","In Process","Third Party"
"P20260424.0002","Castles Tech","Castle Tech SOC","Brown, Steven","III-In Progress","In Process","Greg Huelsmann"
"P20260427.0002","Hawthorn Physicians Services Corporation","File Migration(TBB-TM, SB)","Brown, Steven","III-Waiting Customer","In Process","Kyle Oakley"
"P20260429.0003","Division 9 Commercial Inc Construction","Conditional Access implementation (TBB-TM,SB)","Brown, Steven","III-Waiting Customer","In Process","Brad Winklesky"
"P20260501.0001","InReach Community Dx","3CX Phone System(TBB-TM&AIT,SB)","Brown, Steven","III-In Progress","In Process","Chad Berry"
"P20260426.0001","Air Quality Systems","New Location Setup (TBB-FR,SB)","Brown, Steven","III-In Progress","In Process","Ryan Pardue"
"P20260409.0002","Atlanta Bonded Warehouse","SharePoint Assessment(TBB-TM,SB)","Brown, Steven","III-In Progress","In Process","Anthony Dickerson"
"P20260410.0001","Turner Chapel AME Church (Main Location)","Vipre to ProofPoint change(MS-AIT,SB)","Brown, Steven","III-In Progress","In Process","Timmy Nguygen"
"P20260401.0001","Patriot Select Property & Casualty Insurance Co.","FIS Migration","Brown, Steven","III-In Progress","In Process","Dexter Ashby"
"P20260318.0001","RTCO Packaging LLC","Microsoft Tenant - Entra ID & Email Migration","Brown, Steven","III-Waiting Vendor","In Process","Dexter Ashby"
"P20260323.0006","Beaumont Products, Inc. (Main)","Enable DMARC for 7 domains(MS-AIT,SB)","Brown, Steven","III-In Progress","In Process","Kyle Oakley"
"P20260115.0002","Patriot Select Property & Casualty Insurance Co.","Migrate On-Premises Active Directory Environment to Microsoft Entra ID","Brown, Steven","III-Waiting Customer","In Process","Dexter Ashby"
"P20260114.0001","","MRP Domain & Server Decommission","Brown, Steven","III-In Progress","In Process","Kyle Oakley"
"P20260116.0002","Thomas & Brown LLC (Nat Net)","Replacement Firewall & VPN Services(TBB-TM, SB)","Brown, Steven","III-In Progress","In Process","Anthony Dickerson"
"P20260119.0004","Bomarko, Inc.","VMWare to Hyper-V Host conversion(TBB-TM,SB)","Brown, Steven","III-In Progress","In Process","Kamran Saeed"
"P20260119.0003","Worley, Schilling & Randall","Email Migration","Brown, Steven","III-Waiting ServIT","In Process","Dexter Ashby"
"P20260513.0002","General Wholesale Beer Company (615) (HQ)","General Wholesale’s Backup Environment(MS-DV, SB)","Brown, Steven","III-In Progress","In Process","David Decaria"
"P20260729.0001","American European Insurance (HQ)","turn down American European Insurance’s Harding Server and stop their Data Vault backups(MS-DV,SB)","Brown, Steven","IV-Monitoring","In Process","Kyle Oakley"
"P20260803.0003","General Wholesale Beer Company (615) (HQ)","Copier Replacement Project(TBB-TM, SB)","Brown, Steven","III-In Progress","In Process","Anthony Dickerson"
"P20250303.0001","InReach Community Dx","Entra ID & Intune Setup","Brown, Steven","III-In Progress","In Process","Dexter Ashby"
"P20250328.0001","General Wholesale Beer Company (615) (HQ)","Network Segmentation SOW","Brown, Steven","III-In Progress","In Process","Ryan Pardue"
"P20260707.0001","Studio Ray","Data Vaulting and Disaster Recovery Agreement for IBM POWER(MS-AIT,SB)","Brown, Steven","III-Waiting Materials","In Process","David Decaria"
"P20240516.0005","SECO (HQ Southeast Consolidators)","Project ""Lan Subnet Change""(TBB, SB)","Brown, Steven","III-In Progress","In Process","Dexter Ashby"
"P20240516.0003","SECO (HQ Southeast Consolidators)","Project  ""Replacement Firewall""(TBB, SB)","Brown, Steven","III-Waiting ServIT","In Process","Dexter Ashby"
"P20260803.0004","Carl Black Chevrolet Buick GMC (HQ)","Cancellation Carl Black Roswell and Nashville","Brown, Steven","III-In Progress","In Process","Jason Morhaus"
"P20241030.0002","Preferred Personnel Solutions (Kennesaw HQ)","Project ""Entra ID Active Directory Joined Configuration"" (TBBTM,SB)","Brown, Steven","III-In Progress","In Process","Frankie Hammonds"
"P20240710.0002","SECO (HQ Southeast Consolidators)","Project ""Hosted Server Creation ""","Brown, Steven","III-In Progress","In Process","Dexter Ashby"
"P20260612.0003","Patriot Select Property & Casualty Insurance Co.","Patriot AIT  SOC - Agreement for Windows(TBB-MC,SB)","Brown, Steven","III-Waiting Customer","In Process","Dexter Ashby"
"P20250925.0002","Patriot Select Property & Casualty Insurance Co.","Claims Check Processing Automation","Brown, Steven","III-Waiting Vendor","In Process","Dexter Ashby"
"P20250903.0008","Soteria Flexibles (HQ)","Continental Products DC upgrade","Brown, Steven","III-Waiting Customer","In Process","Ryan Pardue"
"P20251014.0001","Soteria Flexibles (HQ)","Network Segmentation","Brown, Steven","III-In Progress","In Process","Frankie Hammonds"
"P20251017.0002","Soteria Flexibles (HQ)","SharePoint POC for HR(TBB,TM-SB)","Brown, Steven","III-In Progress","In Process","Anthony Dickerson"
"P20260515.0002","Colonial Bag Corporation","Soteria Flexibles Colonial Bag Corporation Replacement Firewall(TBB-TM,SB)","Brown, Steven","III-In Progress","In Process","Frankie Hammonds"
"P20250814.0002","","Vipre MX records and Smarthost","Brown, Steven","III-Waiting Vendor","In Process","Ryan Pardue"
"P20260611.0001","Husky Corporation","PTF and firmware SOW for Power 9(TBB-TM, SB)","Brown, Steven","III-Waiting Customer","In Process","Third Party"
"P20250625.0002","Fromm International","Operating System Upgrade","Brown, Steven","III-Project Scheduled","In Process","Ken Bordner"
"P20250903.0006","Soteria Flexibles (HQ)","Filmtech - Replacement Firewall","Brown, Steven","IV-Monitoring","In Process","Frankie Hammonds"
"P20250903.0004","Soteria Flexibles (HQ)","Filmtech - Replacement 48-Port Switch","Brown, Steven","III-In Progress","In Process","Frankie Hammonds"
"P20260324.0001","SECO (HQ Southeast Consolidators)","ProofPoint","Brown, Steven","On Hold","On Hold/Inactive","Dexter Ashby"
"P20240515.0002","SECO (HQ Southeast Consolidators)","Project ""Azure Active Directory Joined Configuration""","Brown, Steven","On Hold","On Hold/Inactive","Dexter Ashby"
"P20250120.0001","","Program (Infrastructure - 2025)","Brown, Steven","Inactive","On Hold/Inactive","Kyle Oakley"
"P20251209.0001","Soteria Flexibles (HQ)","Exclaimer Implementation","Brown, Steven","On Hold","On Hold/Inactive","Anthony Dickerson"
"P20251205.0001","Soteria Flexibles (HQ)","Website Terms & Conditions Update","Brown, Steven","On Hold","On Hold/Inactive","Third Party"
"P20250306.0002","German American Chamber of Commerce (HQ)","Project""Replacement Firewall, WattBox and Access Point, TX""(TBB,SB)","Brown, Steven","On Hold","On Hold/Inactive","Ryan Pardue"
"P20240516.0006","SECO (HQ Southeast Consolidators)","Project ""Configure Single Sign-on""(TBB, SB)","Brown, Steven","On Hold","On Hold/Inactive","Dexter Ashby"
"P20260709.0001","","Project ""ServIT Website Security"" (NC,TM)","Marsili, Tony","New","Beginning","Dexter Ashby"
"P20260204.0002","Pagnotti Enterprises, Inc","Project ""Migrate from Intermedia to 3CX"" (MS-AIT,TM)","Marsili, Tony","II-Project Planning","Beginning","Ryan Pardue"
"P20260520.0002","Progress Lighting, LLC (HQ) (Coleto)","Project ""Cancellation AIT"" (MS-AIT, TM)","Marsili, Tony","I-Accepted","Beginning","Jason Morhaus"
"P20260508.0002","Boxercraft: Division of NG Labs","Project ""TPX to Comcast Masergy Migration"" (TBBTM, TM)","Marsili, Tony","I-Call Scheduled","Beginning","Jon Schiavone"
"P20260728.0001","Katz Capital Management LLC (HQ)","Project ""ProofPoint Implementation"" (MS-AIT, TM)","Marsili, Tony","New","Beginning","Timmy Nguygen"
"P20260206.0001","","IBM Cloud Migration","Marsili, Tony","New","Beginning","Kyle Oakley"
"P20260429.0002","Fulton Industries","Project ""Rockford Location - Replacement Firewall"" (TBBTM, TM)","Marsili, Tony","V-Pending Complete","Closing","Ryan Pardue"
"P20260429.0001","Fulton Industries","Project ""Granger Location - Replacement Firewall"" (TBBTM, TM)","Marsili, Tony","V-Pending Complete","Closing","Ryan Pardue"
"P20260702.0001","Gulf Stream Coach, Inc.","Project ""Open VPN Implementation"" (TBBTM, TM)","Marsili, Tony","V-Pending Complete","Closing","Ryan Pardue"
"P20260216.0008","Consumer Collection Management","Project ""VMWare to Hyper-V Host conversion"" (TBBTM, TM)","Marsili, Tony","V-Pending Complete","Closing","Kamran Saeed"
"P20260611.0003","Elite Administration & Insurance Group (HQ)","Project ""Replacement Firewall"" (TBBTM,TM)","Marsili, Tony","V-Pending Complete","Closing","Anthony Dickerson"
"P20260528.0001","Fulton Industries","Project ""Replacement Core Switches"" (TBBTM, TM)","Marsili, Tony","III-Project Scheduled","In Process","Ryan Pardue"
"P20260319.0002","Conair LLC","Project ""Data migration to cloud"" (TBBTM, TM)","Marsili, Tony","III-In Progress","In Process","Kyle Oakley"
"P20260611.0002","Katz Capital Management LLC (HQ)","Project ""Replacement Firewalls for 2 Locations"" (TBBTM,TM)","Marsili, Tony","III-Waiting ServIT","In Process","Kyle Oakley"
"P20250805.0001","Brindlee Fire Services","Project""Hexagon/Network Cutovers"" (TBB,TM)","Marsili, Tony","III-Waiting Vendor","In Process","Dexter Ashby"
"P20260608.0001","ITW Shakeproof (SIP Broadview)","Project ""SQL Server Upgrade"" (TBBTM, TM)","Marsili, Tony","III-In Progress","In Process","John Karlow"
"P20250818.0001","Heyco Products, Inc (HQ)","Server and Switch Refresh Project for HQ","Marsili, Tony","III-In Progress","In Process","Dexter Ashby"
"P20260526.0003","Josam Company (HQ)","Project ""Windows Backup BDR addendum"" (MS-DV, TM)","Marsili, Tony","III-In Progress","In Process","Kyle Oakley"
"P20260721.0001","Katz Capital Management LLC (HQ)","Project ""AIT"" (MS-AIT,TM)","Marsili, Tony","III-In Progress","In Process","Jason Morhaus"
"P20250212.0002","ITW Air Flow Management","Project """"TISAX certification cost estimate"" (TBBTM,TM))","Marsili, Tony","III-In Progress","In Process","Greg Huelsmann"
"P20250109.0002","Grey Eagle Distributors","Project ""Sonicwall Firewall Replacements"" (TBBTM,TM)","Marsili, Tony","III-Waiting Customer","In Process","Dexter Ashby"
"P20260721.0002","Heyco Products, Inc (HQ)","Project ""OS Upgrades"" (TBBTM, TM)","Marsili, Tony","III-Project Scheduled","In Process","Dexter Ashby"
"P20260619.0001","Diverzify Atlanta (HQ) - DHQ","Project ""CMMC"" (TBBTM,TM)","Marsili, Tony","III-In Progress","In Process","Greg Huelsmann"
"P20260612.0001","Four Seasons Sales & Service, Inc.","Project ""IBM Upgrade to Power 11"" (TBBTM, TM)","Marsili, Tony","III-Waiting Customer","In Process","Third Party"
"P20260701.0001","Premium Guard Inc.","Project ""Network analysis and redesign"" (TBBTM, TM)","Marsili, Tony","III-In Progress","In Process","Jason Morhaus"
"P20260625.0001","American Southern Insurance HQ","Project""CloudConnexa Implementation"" (TBBTM, TM)","Marsili, Tony","III-Waiting Customer","In Process","Brad Winklesky"
"P20251223.0001","Ivex Specialty Paper","Project ""ERP testing V7R6"" (TBBTM, TM)","Marsili, Tony","III-In Progress","In Process","Ryan Pardue"
"P20260320.0001","Oldcastle, Inc.","Project ""Support Transion"" (TBBTM, TM)","Marsili, Tony","III-In Progress","In Process","Ryan Pardue"
"P20260304.0001","Consumer Collection Management","Project ""RPG Programming"" (TBBTM, TM)","Marsili, Tony","III-In Progress","In Process","Third Party"
"P20260225.0001","PA Housing Finance Agency","Project ""Replacement BDR and DR test"" (MS-DV, TM)","Marsili, Tony","III-Waiting Materials","In Process","David Decaria"
"P20260423.0002","DiverzifyPro - Itasca - DIT","Project ""Auvik Network Monitoring"" (MS-AIT,TM)","Marsili, Tony","III-In Progress","In Process","Jason Morhaus"
"P20260409.0001","MEI Services, Inc. dba PharmaLife LTC","FortiGate Virtual Firewall Implementation","Marsili, Tony","III-In Progress","In Process","Dexter Ashby"
"P20260406.0004","Conair LLC","Project ""Short Term Gap Coverage"" (TBBTM, TM)","Marsili, Tony","III-In Progress","In Process","Ryan Pardue"
"P20260421.0001","German American Chamber of Commerce (HQ)","Project ""MDM Implementation"" (TBBTM, TM)","Marsili, Tony","III-In Progress","In Process","Greg Huelsmann"
"P20260204.0001","","ServIT Managed Veeam Backup Restructure","Marsili, Tony","III-In Progress","In Process","Kyle Oakley"
"P20260309.0001","Elite Administration & Insurance Group (HQ)","Project ""AS400 Automated Process"" (TBBTM,TM)","Marsili, Tony","III-In Progress","In Process","Third Party"
"P20260508.0003","Boxercraft: Division of NG Labs","Project ""Sophos XDR Deployment"" (TBBTM, TM)","Marsili, Tony","III-In Progress","In Process","Greg Huelsmann"
"P20251016.0002","Progress Lighting, LLC (HQ) (Coleto)","Project ""VPN Migration from Fortigate to Azure"" (TBBTM, TM)","Marsili, Tony","III-Project Scheduled","In Process","Dexter Ashby"
"P20251029.0002","Heyco/National Net","Project ""Sever and Switch Refresh Project National Net"" (TBBTM,TM)","Marsili, Tony","III-In Progress","In Process","Dexter Ashby"
"P20260511.0002","ABL Wholesale Distributors, Inc.","Data Vaulting Agreement (MS-DV, BS)","Marsili, Tony","III-Waiting Materials","In Process","David Decaria"
"P20260506.0001","Pagnotti Enterprises, Inc","Project ""HQ Firewall Replacement"" (TBBTM,TM)","Marsili, Tony","III-Project Scheduled","In Process","Jon Schiavone"
"P20260605.0002","Elite Administration & Insurance Group (HQ)","Project ""SQL for New Database"" (TBBTM,TM)","Marsili, Tony","On Hold","On Hold/Inactive","Kamran Saeed"
"P20251205.0002","Mitsui Sumitomo Marine Management (U.S.A.), Inc.","Project "" IBM Cloud Migration"" (TBBTM, TM)","Marsili, Tony","On Hold","On Hold/Inactive","Kyle Oakley"
"P20251031.0003","Beulah Heights University (Main Campus)","Project ""Replacement Firewall"" (TBBTM, BS)","Slaton, Brad","New","Beginning","Anthony Dickerson"
"P20260406.0003","Fulton Industries","Project ""Replacement Firewall - Peru IL Location"" (TBBTM, BS)","Slaton, Brad","V-Pending Complete","Closing","Ryan Pardue"
"P20251125.0002","Elite Administration & Insurance Group (HQ)","Project ""Firewall Configuration - AIT"" (MS-AIT,BS)","Slaton, Brad","V-Pending Complete","Closing","Dexter Ashby"
"P20250917.0001","Gulf Stream Coach, Inc.","Project ""Conditional Access Implementation"" (TBB-TM,BS)","Slaton, Brad","III-Waiting Customer","In Process","Ryan Pardue"
"P20251104.0003","Zenith Products Corporation","Project ""DR test 2025"" (NC,BS)","Slaton, Brad","III-Waiting Customer","In Process","David Decaria"
"P20250520.0004","Brooks Instruments","Project "" EMA400 LPAR shutdown"" (NC,BS)","Slaton, Brad","III-Waiting Customer","In Process","David Decaria"
"P20250514.0002","Bomarko, Inc.","Project ""Firewall and Access Point Replacement"" (TBBTM,BS)","Slaton, Brad","III-Waiting Customer","In Process","Dexter Ashby"
"P20260129.0003","Fulton Industries","Project ""Firewall AIT contract"" (MS-AIT,BS)","Slaton, Brad","III-In Progress","In Process","Jason Morhaus"
"P20260216.0005","Asphalt Enterprises, Inc.","Project ""AIT Onboarding"" (MS-AIT, BS)","Slaton, Brad","On Hold","On Hold/Inactive","Jason Morhaus"
