"Group","DisplayName","UPN","CreatedDate","DaysAgo","LastSuccessfulLogonDate","LastNonInteractiveLogonDate","LoginDaysAgo","UserLicenses","AccountEnabled","Issue"
"Exchange Administrator","exchangeadmin","exchangeadmin@katzcapital.com","2025-02-06T21:09:45Z","554","2026-06-11T17:40:41Z","2026-06-11T17:40:41Z","64",,"True",""
"Global Administrator","Bit-Wizards Administrator","bwadmin@pineywoodsfl.onmicrosoft.com","2015-12-09T21:11:40Z","3901","2026-07-28T21:51:57Z","2026-07-28T21:51:57Z","17","Azure Active Directory Premium P2,M365 Business Basic,Microsoft Power Automate Free","False","Account disabled,Account licensed,Overlapping permissions"
"Global Administrator","MITS Admin","2c46c0af-da8d-4d4e-a039-e691280f3390@pineywoodsfl.onmicrosoft.com","2019-01-22T19:59:00Z","2761","","",,,"False","Account disabled,No logon recorded"
"Global Administrator","Nuvolex ManageX Platform App1","",,,,,,,,""
"Global Administrator","Pineywoods Office 365 Administrator","admin@pineywoodsfl.onmicrosoft.com","2015-12-09T21:10:16Z","3901","","2023-02-06T21:50:03Z","1285",,"True","Last logon more than 90 days ago"
"Global Administrator","ServIT","ServIT@pineywoodsfl.onmicrosoft.com","2026-07-24T16:12:12Z","21","2026-08-14T12:16:41Z","2026-08-14T12:16:41Z","0",,"True",""
"Global Reader","Alex LymandriveLLC","alexlymandrivellc@pineywoodstitle.com","2023-05-17T18:42:32Z","1185","2025-02-27T16:44:49Z","2025-02-27T16:44:49Z","533",,"True","Last logon more than 90 days ago,Escalated user account"
"Global Reader","BW Migrate","bwmigrate@katzcapital.com","2020-04-02T22:01:19Z","2325","","",,,"False","Account disabled,No logon recorded,Escalated user account"
"User Administrator","BW Migrate","bwmigrate@katzcapital.com","2020-04-02T22:01:19Z","2325","","",,,"False","Account disabled,No logon recorded,Escalated user account"
